{"cameraMode":{"drawMode":0,"name":"Shaded","section":"Shading Mode"},"sceneLighting":false,"audioPlay":false,"sceneViewState":{"showFog":true,"showMaterialUpdate":false,"showSkybox":true,"showFlares":true,"showImageEffects":true,"showParticleSystems":true},"in2DMode":false,"pivot":{"x":-27.36450958251953,"y":25.956832885742189,"z":9.076309204101563},"rotation":{"x":0.29401159286499026,"y":-0.2529403269290924,"z":0.08099240064620972,"w":0.9181647896766663},"size":1019.4243774414063,"orthographic":false}