{"cameraMode":{"drawMode":0,"name":"Shaded","section":"Shading Mode"},"sceneLighting":false,"audioPlay":false,"sceneViewState":{"showFog":true,"showMaterialUpdate":false,"showSkybox":true,"showFlares":true,"showImageEffects":true,"showParticleSystems":true},"in2DMode":false,"pivot":{"x":233.76165771484376,"y":119.0475845336914,"z":-19.01715087890625},"rotation":{"x":-0.07282719016075134,"y":0.014677930623292923,"z":-0.0010763221653178335,"w":-0.9972453713417053},"size":765.7025146484375,"orthographic":false}